{"openx": {"Health": [2.2686800000000003, 0.6690800000000001], "Regional": [8.156, 8.156, 8.156, 5.904, 7.311999999999999, 6.797], "Games": [4.482, 4.482], "News": [0.77, 0.77, 0.77, 9.924, 60, 0.165, 0.17, 2.1670000000000003, 0.7200000000000001, 3], "Arts": [0.49278, 1.723, 0.937], "Science": [8.586, 1.604, 1.841, 1.3326, 0.78, 4.0424, 0.7200000000000001], "Sports": [0.43600000000000005, 0.12000000000000001], "Adult": [0.7200000000000001, 0.7200000000000001, 1.7830000000000001], "Shopping": [0.808, 0.96], "Business": [0.29700000000000004, 2.4549999999999996, 1.841], "Computers": [0.3363000000000001], "BLOCK": [0.7200000000000001, 3.9561999999999995, 0.12125999999999998], "Reference": [2.1670000000000003, 60.771, 3.2870000000000004, 1.8900000000000001], "Kids_and_Teens": [2.024], "Recreation": [2.1670000000000003, 5.874], "Society": [3.2870000000000004]}, "ix": {"Games": [0.2407, 4.159999999999999, 2.79, 0.2, 1.06, 3.09, 2.72, 0.42000000000000004, 3.98, 2.72, 0.56, 0.56, 0.35000000000000003, 1.26, 0.76, 1.26], "BLOCK": [2.79, 0.76, 3.09, 0.28, 2.71, 2.71, 1.37, 2.8699999999999997, 2.8699999999999997], "Home": [4.14, 2.79, 3.3899999999999997, 3.09, 2.72, 3.11, 0.28, 0.37000000000000005, 1.37, 5.44], "Regional": [2.79, 3.3699999999999997, 3.09, 0.34, 0.76, 0.5063, 0.5063, 0.5063, 0.19, 0.8050999999999999, 0.8050999999999999, 0.8050999999999999, 1.59, 3], "Recreation": [1.81, 3.09, 0.46, 2.71, 2.71, 6.75, 5.44, 4.59], "Sports": [3.09, 1.1300000000000001, 3, 1.59, 0.2, 0.16], "News": [2.77, 0.15000000000000002, 0.12000000000000001, 0.42000000000000004, 0.92, 1.1700000000000002, 5.44, 2.71, 2.71], "Science": [3.09, 0.76, 1.1300000000000001, 3.88, 3.09, 0.76], "Business": [0.8050999999999999, 0.8050999999999999, 0.8050999999999999, 0.6200000000000001, 2.71, 2.71, 2.8699999999999997, 2.8699999999999997], "Kids_and_Teens": [0.30000000000000004], "Society": [6.76, 6.76, 6.76, 3.2, 0.7500000000000001, 0.14, 2.8699999999999997, 2.8699999999999997, 0.3901, 0.6400000000000001], "Computers": [2.72, 2.72, 0.42000000000000004], "Reference": [0.42000000000000004, 0.31000000000000005, 0.76, 0.21000000000000002, 1.59, 1.1800000000000002, 2.8699999999999997, 2.8699999999999997, 7.25, 6.55, 7.25], "Adult": [1.1300000000000001, 0.76, 5.44, 2.8699999999999997, 2.8699999999999997, 7.38, 0.2], "Health": [3.11, 2.72, 3, 3.88, 15.7, 8.19, 3, 2.71, 2.71], "Shopping": [3.14, 6.59], "Arts": [1.08, 0.8500000000000001, 0.8700000000000001, 0.6700000000000002, 0.76, 2.8699999999999997, 2.8699999999999997]}, "aol": {"Games": [0.29750000000000004, 0.48000000000000004, 0.30000000000000004], "Regional": [0.29750000000000004], "Reference": [0.29750000000000004, 0.2805, 0.2635], "Kids_and_Teens": [0.5355, 0.2635], "Arts": [0.29750000000000004, 0.561], "Sports": [0.29750000000000004], "News": [0.29750000000000004, 0.49], "Health": [0.5185], "Computers": [0.2805, 0.2805], "Recreation": [0.2805, 0.2805, 6.92, 6.88], "Home": [0.2805], "Science": [0.8925, 0.8925, 0.8925, 0.8925, 0.901, 0.901, 0.901], "Business": [0.2805, 0.2635]}, "pubmatic": {"Society": [0.9400000000000001], "Kids_and_Teens": [5.94], "Adult": [5.94], "Health": [9.76, 9.76, 9.76, 9.76], "Arts": [18.04, 3.56], "Shopping": [3.56, 20.75, 5.94, 11.629999999999999, 1.56], "Computers": [1.5], "Reference": [3.56], "Games": [3.56, 1.59], "News": [4.859999999999999]}, "triplelift": {"BLOCK": [1.9923, 1.3760000000000001, 0.234, 0.23900000000000002, 1.1919000000000002], "Kids_and_Teens": [1.4669999999999999, 0.528, 0.508, 0.512, 0.535, 0.93, 0.21000000000000002, 0.518, 1.3800000000000001], "Sports": [0.6670000000000001, 4.743240000000001, 0.764, 0.43400000000000005, 0.48700000000000004, 0.535], "Society": [0.9848399999999998, 0.202, 1.4389999999999998, 0.406, 1.274, 0.36700000000000005], "Recreation": [0.6670000000000001, 0.23600000000000002, 0.279, 0.551, 0.512, 0.266, 0.535, 0.225], "Business": [1.6640000000000001, 1.2289999999999999, 3.796, 1.332, 0.511, 0.914, 1.6260000000000001, 0.6630000000000001, 0.7070000000000001, 1.446, 1.346, 1.006], "Reference": [0.41200000000000003, 0.202, 0.30400000000000005, 0.541, 0.5700000000000001, 0.406, 1.7540000000000002, 0.554, 0.55593, 0.36000000000000004], "Health": [0.279, 0.551, 0.534, 0.5750000000000001, 0.535, 0.6351000000000001, 1.54, 0.535], "Science": [0.202, 0.6210000000000001, 0.7070000000000001, 0.44, 0.517, 0.51], "Arts": [0.42600000000000005, 1.508, 1.29978, 0.463, 0.48400000000000004, 0.48000000000000004, 0.532], "Computers": [0.512, 1.36, 0.47800000000000004, 0.533], "Shopping": [0.25, 0.535, 0.535, 1.4329999999999998, 0.6410000000000001, 0.42000000000000004, 0.6970000000000001], "Regional": [3.77754, 1.005, 0.30900000000000005, 2.05, 1.932], "News": [1.358, 0.5630000000000001], "Home": [0.79083], "Adult": [0.526, 0.397, 1.472, 0.591], "Games": [1.4689999999999999, 1.677]}, "appnexus": {"Games": [6.3, 0.6930000000000001, 0.14200000000000002, 0.36540000000000006, 0.6795000000000001, 0.6795000000000001], "Health": [6.5687999999999995, 3.6, 0.12173500000000002, 0.6140000000000001, 2.593753, 2.7081000000000004], "BLOCK": [0.619083, 1.9958399999999998, 2.7165, 0.71725, 0.56625, 0.42110000000000003, 0.7055, 0.7675, 0.509836, 0.47691100000000003], "Business": [0.975, 0.274, 2.516504, 2.142, 4.3614559999999996, 2.038725, 1.926, 5.484539, 2.2758749999999996], "News": [0.4, 1.0228, 2.6787810000000003, 0.1144, 0.048, 0.466009, 2.6775, 2.061956, 0.503258, 0.8999619999999999, 0.7120000000000001, 0.39], "Arts": [2.5674310000000005, 0.8580000000000001, 0.6625900000000001, 4.366955999999999, 2.8609999999999998, 0.35640000000000005, 1.1919, 3.1000360000000002], "Home": [0.546, 0.32109800000000005, 0.33975000000000005, 0.33975000000000005, 0.6214000000000001, 0.091375, 2.7305, 7.2028620000000005, 2.8746379999999996, 0.6268750000000002], "Science": [2.0795, 4.097458, 2.8228499999999994, 1.4669999999999999], "Computers": [0.78, 1.33875, 0.40700000000000003, 1.7403750000000002], "Regional": [2.543625, 1.55061, 2.915227, 0.55125, 0.42504000000000003, 0.5925149999999999, 7.154881999999999, 0.9099619999999999], "Sports": [4.190957999999999, 1.5622, 0.426945, 3.087, 5.484539, 0.28930900000000004, 0.15903000000000003, 0.566501, 1.0280880000000001, 1.1919], "Adult": [4.119459, 2.2758749999999996], "Shopping": [0.42140000000000005, 2.19555, 0.451605], "Kids_and_Teens": [0.254942, 7.004727, 1.7250750000000001, 3.279947, 2.9796749999999994, 2.7081000000000004], "Society": [2.142, 0.1144, 0.026400000000000003, 7.633959, 0.999958, 1.314897, 7.2028620000000005, 2.543625, 2.8856379999999997], "Reference": [0.6523000000000001, 7.004727, 0.71725, 0.6795000000000001, 0.71725, 0.19171700000000003, 0.019950000000000006, 2.543625, 1.5312], "Recreation": [0.35728800000000005, 2.677854, 0.452778]}, "rubicon": {"Kids_and_Teens": [0.31135000000000007, 0.31135000000000007, 0.31135000000000007, 1.4499899999999997, 3.01417, 3.8979399999999997, 2.659559, 0.8599970000000001, 0.8599990000000002, 0.8600000000000001, 6.245], "BLOCK": [1.1879899999999999, 11.810985, 0.8600000000000001, 0.8600000000000001, 0.8600000000000001, 0.8600000000000001, 0.8600000000000001], "News": [1.1879899999999999, 9.76729, 6.153989999999999, 3.2399970000000002, 0.5505649599999999, 6.01999, 0.96662, 15.351, 2.6033830000000004, 9.117107999999998, 4.2862350000000005, 9.999992, 1.4055949999999997, 0.8600000000000001, 0.8600000000000001, 1.782999], "Games": [3.2277080000000002, 0.8600000000000001, 0.8600000000000001, 0.8600000000000001, 2.98, 3.068], "Reference": [0.8599980000000002, 0.8600000000000001, 0.8600000000000001, 0.8600000000000001, 0.8630000000000001, 0.8600000000000001, 1.4499899999999997, 1.4499899999999997, 6.2594, 2.27036, 2.421712, 0.773, 0.8600000000000001, 7], "Recreation": [0.524781, 0.3881372, 0.776072, 5.669991, 7.019997, 0.8600000000000001, 8.999997, 0.8600000000000001, 0.8600000000000001, 0.8600000000000001, 0.66812592],